ref,wonstatus,totalvotes,winvotes,name,partyname
1,won,477033,(+ 70703),RAVIKUMAR. D,Viduthalai Chiruthaigal Katchi
2,won,303859,(+ 44111),DR. RAJ KUMAR CHABBEWAL,Aam Aadmi Party
3,won,364085,(+ 172560),GURMEET SINGH MEET HAYER,Aam Aadmi Party
4,won,529382,(+ 59808),SUDAMA PRASAD,Communist Party of India  (Marxist-Leninist)  (Liberation)
5,won,313217,(+ 10846),MALVINDER SINGH KANG,Aam Aadmi Party
6,won,380581,(+ 105858),RAJA RAM SINGH,Communist Party of India  (Marxist-Leninist)  (Liberation)
7,won,505084,(+ 103554),THIRUMAAVALAVAN THOL,Viduthalai Chiruthaigal Katchi
8,won,488967,(+ 159459),DR RAJKUMAR SANGWAN,Rashtriya Lok Dal
9,won,438345,(+ 30091),SUDHAKAR SINGH,Rashtriya Janata Dal
10,won,443035,(+ 142591),SURENDRA PRASAD YADAV,Rashtriya Janata Dal
11,won,851881,(+ 284620),H.D. KUMARASWAMY,Janata Dal  (Secular)
12,won,691481,(+ 71388),M. MALLESH BABU,Janata Dal  (Secular)
13,won,465567,(+ 79111),ABHAY KUMAR SINHA,Rashtriya Janata Dal
14,won,430323,(+ 209409),VENKATESAN S,Communist Party of India  (Marxist)
15,won,404493,(+ 37508),CHANDAN CHAUHAN,Rashtriya Lok Dal
16,won,613283,(+ 85174),MISHA BHARTI,Rashtriya Janata Dal
17,won,670149,(+ 443821),SACHITHANANTHAM R,Communist Party of India  (Marxist)
18,won,403447,(+ 20111),K.RADHAKRISHNAN,Communist Party of India  (Marxist)
19,won,659300,(+ 72896),AMRARAM,Communist Party of India  (Marxist)
20,won,521836,(+ 281794),MIAN ALTAF AHMAD,Jammu & Kashmir National Conference
21,won,509664,(+ 166782),NAVASKANI K,Indian Union Muslim League
22,won,512552,(+ 151473),CHANDRASHEKHAR,Aazad Samaj Party (Kanshi Ram)
23,won,571078,(+ 371910),DR. RICKY ANDREW J. SYNGKON,Voice of the People Party
24,won,562516,(+ 235760),DR. M.P ABDUSSAMAD SAMADANI,Indian Union Muslim League
25,won,644006,(+ 300118),E.T.  MOHAMMED BASHEER,Indian Union Muslim League
26,won,376558,(+ 49656),HARSIMRAT KAUR BADAL,Shiromani Akali Dal
27,won,208552,(+ 68288),RICHARD VANLALHMANGAIHA,Zoram People’s Movement
28,won,820831,(+ 247054),RAJ KUMAR ROAT,Bharat Adivasi Party
29,won,356866,(+ 188416),AGA SYED RUHULLAH MEHDI,Jammu & Kashmir National Conference
30,won,542213,(+ 313094),DURAI VAIKO,Marumalarchi Dravida Munnetra Kazhagam
31,won,596955,(+ 42225),HANUMAN BENIWAL,Rashtriya Loktantrik Party
32,won,520164,(+ 168402),JOBA MAJHI,Jharkhand Mukti Morcha
33,won,164396,(+ 80830),INDRA HANG SUBBA,Sikkim Krantikari Morcha
34,won,547370,(+ 22527),NALIN SOREN,Jharkhand Mukti Morcha
35,won,613371,(+ 178264),VIJAY KUMAR HANSDAK,Jharkhand Mukti Morcha
36,won,724439,(+ 223179),BALASHOWRY VALLABHANENI,Janasena Party
37,won,488995,(+ 51583),JOYANTA BASUMATARY,"United People’s Party, Liberal"
38,won,748752,(+ 329846),OMPRAKASH BHUPALSINH ALIAS PAVAN RAJENIMBALKAR,Shiv Sena (Uddhav Balasaheb Thackrey)
39,won,683950,(+ 6553),BAJRANG MANOHAR SONWANE,Nationalist Congress Party – Sharadchandra Pawar
40,won,476900,(+ 50529),BHAUSAHEB RAJARAM WAKCHAURE,Shiv Sena (Uddhav Balasaheb Thackrey)
41,won,395655,(+ 52673),ARVIND GANPAT SAWANT,Shiv Sena (Uddhav Balasaheb Thackrey)
42,won,395138,(+ 53384),ANIL YESHWANT DESAI,Shiv Sena (Uddhav Balasaheb Thackrey)
43,won,450937,(+ 29861),SANJAY DINA PATIL,Shiv Sena (Uddhav Balasaheb Thackrey)
44,won,616729,(+ 162001),RAJABHAU (PARAG) PRAKASH WAJE,Shiv Sena (Uddhav Balasaheb Thackrey)
45,won,778071,(+ 220479),DAGGUMALLA PRASADA RAO,Telugu Desam
46,won,425679,(+ 196199),DR RANI SRI KUMAR,Dravida Munnetra Kazhagam
47,won,622213,(+ 120837),MOHITE-PATIL DHAIRYASHEEL RAJSINH,Nationalist Congress Party – Sharadchandra Pawar
48,won,540729,(+ 392738),KANIMOZHI KARUNANIDHI,Dravida Munnetra Kazhagam
49,won,613025,(+ 76768),Shyamkumar (Babalu) Daulat Barve,Indian National Congress
50,won,452600,(+ 4332),PRAVEEN PATEL,Bharatiya Janata Party
51,won,426005,(+ 136516),VE VAITHILINGAM,Indian National Congress
52,won,866483,(+ 290849),YOGENDER CHANDOLIYA,Bharatiya Janata Party
53,won,465848,(+ 129234),CHHOTELAL,Samajwadi Party
54,won,453185,(+ 78370),BANSURI SWARAJ,Bharatiya Janata Party
55,won,471631,(+ 37810),ANUPRIYA PATEL,Apna Dal (Soneylal)
56,won,474476,(+ 21565),BIRENDRA SINGH,Samajwadi Party
57,won,443628,(+ 150302),N K PREMACHANDRAN,Revolutionary Socialist Party
58,won,539912,(+ 124861),AFZAL ANSARI,Samajwadi Party
59,won,451292,(+ 35850),PRIYA SAROJ,Samajwadi Party
60,won,509130,(+ 99335),BABU SINGH KUSHWAHA,Samajwadi Party
61,won,405472,(+ 3573),RAMASHANKAR RAJBHAR,Samajwadi Party
62,won,503131,(+ 162943),RAJEEV RAI,Samajwadi Party
63,won,439959,(+ 115023),DAROGA PRASAD SAROJ,Samajwadi Party
64,won,498695,(+ 92170),LAXMIKANT PAPPU NISHAD,Samajwadi Party
65,won,467068,(+ 43384),SANATAN PANDEY,Samajwadi Party
66,won,508239,(+ 161035),DHARMENDRA YADAV,Samajwadi Party
67,won,527005,(+ 100994),RAM PRASAD CHAUDHARY,Samajwadi Party
68,won,544959,(+ 137247),LALJI VERMA,Samajwadi Party
69,won,554289,(+ 54567),AWADHESH PRASAD,Samajwadi Party
70,won,511055,(+ 76673),RAM SHIROMANI VERMA,Samajwadi Party
71,won,500328,(+ 33199),NARESH CHANDRA UTTAM PATEL,Samajwadi Party
72,won,509787,(+ 103944),PUSHPENDRA SAROJ,Samajwadi Party
73,won,642292,(+ 170922),AKHILESH YADAV,Samajwadi Party
74,won,490683,(+ 2629),AJENDRA SINGH LODHI,Samajwadi Party
75,won,530180,(+ 53898),NARAYAN DAS AHIRWAR,Samajwadi Party
76,won,406567,(+ 71210),KRISHNA DEVI SHIVSHANKER PATEL,Samajwadi Party
77,won,490747,(+ 58419),JITENDRA KUMAR DOHARE,Samajwadi Party
78,won,441932,(+ 66206),SHIV PAL SINGH PATEL (DR. S P SINGH),Samajwadi Party
79,won,667869,(+ 70292),R.K. CHAUDHARY,Samajwadi Party
80,won,444330,(+ 43174),RAMBHUAL NISHAD,Samajwadi Party
81,won,443743,(+ 4449),ANAND BHADAURIYA,Samajwadi Party
82,won,557365,(+ 34329),UTKARSH VERMA  'MADHUR',Samajwadi Party
83,won,492515,(+ 15969),NEERAJ MAURYA,Samajwadi Party
84,won,501855,(+ 34991),ADITYA YADAV,Samajwadi Party
85,won,475808,(+ 28052),DEVESH SHAKYA,Samajwadi Party
86,won,465044,(+ 208957),SELVARAJ V,Communist Party of India
87,won,472739,(+ 125928),"SUBBARAYAN, K.",Communist Party of India
88,won,543037,(+ 89312),AKSHAYA YADAV,Samajwadi Party
89,won,598526,(+ 221639),DIMPLE YADAV,Samajwadi Party
90,won,729699,(+ 229491),TANGELLA UDAY SRINIVAS  (TEA TIME UDAY),Janasena Party
91,won,571161,(+ 121494),ZIA UR REHMAN,Samajwadi Party
92,won,477005,(+ 50580),GUMMA THANUJA RANI,Yuvajana Sramika Rythu Congress Party
93,won,687588,(+ 135498),JUGAL KISHORE,Bharatiya Janata Party
94,won,571076,(+ 124373),DR JITENDRA SINGH,Bharatiya Janata Party
95,won,692832,(+ 124333),RAMVIR SINGH BIDHURI,Bharatiya Janata Party
96,won,842658,(+ 199013),KAMALJEET SEHRAWAT,Bharatiya Janata Party
97,won,481503,(+ 87434),MOHIBBULLAH,Samajwadi Party
98,won,664819,(+ 93663),HARSH MALHOTRA,Bharatiya Janata Party
99,won,824451,(+ 138778),MANOJ TIWARI,Bharatiya Janata Party
100,won,516496,(+ 89325),PRAVEEN KHANDELWAL,Bharatiya Janata Party
101,won,121074,(+ 57584),DELKAR KALABEN MOHANBHAI,Bharatiya Janata Party
102,won,508352,(+ 82784),TATKARE SUNIL DATTATREY,Nationalist Congress Party
103,won,102436,(+ 24396),BISHNU PADA RAY,Bharatiya Janata Party
104,won,510747,(+ 4500),ARUNA. D. K,Bharatiya Janata Party
105,won,809882,(+ 172897),KONDA VISHWESHWAR REDDY,Bharatiya Janata Party
106,won,473012,(+ 49944),G. KISHAN REDDY,Bharatiya Janata Party
107,won,991042,(+ 391475),EATALA RAJENDER,Bharatiya Janata Party
108,won,471217,(+ 39139),MADHAVANENI RAGHUNANDAN RAO,Bharatiya Janata Party
109,won,592318,(+ 109241),ARVIND DHARMAPURI,Bharatiya Janata Party
110,won,585116,(+ 225209),BANDI SANJAY KUMAR,Bharatiya Janata Party
111,won,568168,(+ 90652),GODAM NAGESH,Bharatiya Janata Party
112,won,653808,(+ 164056),TRIVENDRA SINGH RAWAT,Bharatiya Janata Party
113,won,429167,(+ 234097),AJAY TAMTA,Bharatiya Janata Party
114,won,432159,(+ 163503),ANIL BALUNI,Bharatiya Janata Party
115,won,772671,(+ 334548),AJAY BHATT,Bharatiya Janata Party
116,won,654613,(+ 276686),MANISH JAISWAL,Bharatiya Janata Party
117,won,462603,(+ 272493),MALA RAJYA LAKSHMI SHAH,Bharatiya Janata Party
118,won,770362,(+ 288807),VISHNU DAYAL RAM,Bharatiya Janata Party
119,won,726174,(+ 259782),BIDYUT BARAN MAHATO,Bharatiya Janata Party
120,won,789172,(+ 331583),DULU MAHATO,Bharatiya Janata Party
121,won,664732,(+ 120512),SANJAY SETH,Bharatiya Janata Party
122,won,574556,(+ 220959),KALI CHARAN SINGH,Bharatiya Janata Party
123,won,693140,(+ 101813),NISHIKANT DUBEY,Bharatiya Janata Party
124,won,597624,(+ 1884),BHOJRAJ NAG,Bharatiya Janata Party
125,won,791657,(+ 377014),ANNPURNA DEVI,Bharatiya Janata Party
126,won,458398,(+ 55245),MAHESH KASHYAP,Bharatiya Janata Party
127,won,703659,(+ 145456),ROOP KUMARI CHOUDHARY,Bharatiya Janata Party
128,won,956497,(+ 438226),VIJAY BAGHEL,Bharatiya Janata Party
129,won,1050351,(+ 575285),BRIJMOHAN AGRAWAL,Bharatiya Janata Party
130,won,712057,(+ 44411),SANTOSH PANDEY,Bharatiya Janata Party
131,won,724937,(+ 164558),TOKHAN SAHU,Bharatiya Janata Party
132,won,678199,(+ 60000),KAMLESH JANGDE,Bharatiya Janata Party
133,won,808275,(+ 240391),RADHESHYAM RATHIYA,Bharatiya Janata Party
134,won,680130,(+ 5567),KHAN SAUMITRA,Bharatiya Janata Party
135,won,713200,(+ 64822),CHINTAMANI MAHARAJ,Bharatiya Janata Party
136,won,578489,(+ 17079),JYOTIRMAY SINGH MAHATO,Bharatiya Janata Party
137,won,763195,(+ 47764),ADHIKARI SOUMENDU,Bharatiya Janata Party
138,won,765584,(+ 77733),ABHIJIT GANGOPADHYAY,Bharatiya Janata Party
139,won,719505,(+ 73693),SHANTANU THAKUR,Bharatiya Janata Party
140,won,782396,(+ 186899),JAGANNATH SARKAR,Bharatiya Janata Party
141,won,527023,(+ 77708),KHAGEN MURMU,Bharatiya Janata Party
142,won,560897,(+ 68197),KARTICK CHANDRA PAUL,Bharatiya Janata Party
143,won,574996,(+ 10386),SUKANTA MAJUMDAR,Bharatiya Janata Party
144,won,679331,(+ 178525),RAJU BISTA,Bharatiya Janata Party
145,won,766568,(+ 86693),DR JAYANTA KUMAR ROY,Bharatiya Janata Party
146,won,695314,(+ 75447),MANOJ TIGGA,Bharatiya Janata Party
147,won,612970,(+ 152513),NARENDRA MODI,Bharatiya Janata Party
148,won,459982,(+ 44072),DR. VINOD KUMAR BIND,Bharatiya Janata Party
149,won,637363,(+ 105762),RUCHI VIRA,Samajwadi Party
150,won,470721,(+ 24672),HARENDRA SINGH MALIK,Samajwadi Party
151,won,632228,(+ 14569),GURUMOORTHY MADDILA,Yuvajana Sramika Rythu Congress Party
152,won,605143,(+ 62695),Y. S. AVINASH REDDY,Yuvajana Sramika Rythu Congress Party
153,won,504541,(+ 34842),SHASHANK MANI,Bharatiya Janata Party
154,won,428693,(+ 3150),KAMLESH PASWAN,Bharatiya Janata Party
155,won,591310,(+ 35451),PANKAJ CHAUDHARY,Bharatiya Janata Party
156,won,463303,(+ 42728),JAGDAMBIKA PAL,Bharatiya Janata Party
157,won,516345,(+ 81790),VIJAY KUMAR DUBAY,Bharatiya Janata Party
158,won,585834,(+ 103526),RAVINDRA SHUKLA ALIAS RAVI KISHAN,Bharatiya Janata Party
159,won,571263,(+ 148843),KARAN BHUSHAN SINGH,Bharatiya Janata Party
160,won,518802,(+ 64227),ANAND KUMAR,Bharatiya Janata Party
161,won,517423,(+ 44345),DEVENDRA SINGH ALIAS BHOLE SINGH,Bharatiya Janata Party
162,won,443055,(+ 20968),RAMESH AWASTHI,Bharatiya Janata Party
163,won,616133,(+ 35818),SWAMI SACHCHIDANAND HARI SAKSHI,Bharatiya Janata Party
164,won,487963,(+ 2678),MUKESH RAJPUT,Bharatiya Janata Party
165,won,612709,(+ 135159),RAJ NATH SINGH,Bharatiya Janata Party
166,won,486798,(+ 27856),JAI PRAKASH,Bharatiya Janata Party
167,won,592718,(+ 55379),ARUN KUMAR SAGAR,Bharatiya Janata Party
168,won,607158,(+ 164935),JITIN PRASADA,Bharatiya Janata Party
169,won,567127,(+ 34804),CHHATRA PAL SINGH GANGWAR,Bharatiya Janata Party
170,won,445657,(+ 43405),RAJKUMAR CHAHAR,Bharatiya Janata Party
171,won,599397,(+ 271294),PROF S P SINGH BAGHEL,Bharatiya Janata Party
172,won,474258,(+ 46224),KIRTIVARDHAN SINGH,Bharatiya Janata Party
173,won,597310,(+ 275134),DR BHOLA SINGH,Bharatiya Janata Party
174,won,690316,(+ 102614),ANURAG SHARMA,Bharatiya Janata Party
175,won,554746,(+ 247318),ANOOP PRADHAN BALMIKI,Bharatiya Janata Party
176,won,475016,(+ 33406),ASHOK KUMAR RAWAT,Bharatiya Janata Party
177,won,854170,(+ 336965),ATUL GARG,Bharatiya Janata Party
178,won,546469,(+ 10585),ARUN GOVIL,Bharatiya Janata Party
179,won,857829,(+ 559472),DR. MAHESH SHARMA,Bharatiya Janata Party
180,won,476506,(+ 28670),KANWAR SINGH TANWAR,Bharatiya Janata Party
181,won,777447,(+ 486819),KRITI DEVI DEBBARMAN,Bharatiya Janata Party
182,won,881341,(+ 611578),BIPLAB KUMAR DEB,Bharatiya Janata Party
183,won,865376,(+ 370989),DUSHYANT SINGH,Bharatiya Janata Party
184,won,510064,(+ 293407),HEMAMALINI DHARMENDRA DEOL,Bharatiya Janata Party
185,won,750496,(+ 41974),OM BIRLA,Bharatiya Janata Party
186,won,807640,(+ 354606),DAMODAR AGARWAL,Bharatiya Janata Party
187,won,888202,(+ 389877),CHANDRA PRAKASH JOSHI,Bharatiya Janata Party
188,won,738286,(+ 261608),MANNA LAL RAWAT,Bharatiya Janata Party
189,won,781203,(+ 392223),MAHIMA KUMARI MEWAR,Bharatiya Janata Party
190,won,796783,(+ 201543),LUMBARAM,Bharatiya Janata Party
191,won,757389,(+ 245351),P. P. CHAUDHARY,Bharatiya Janata Party
192,won,730056,(+ 115677),GAJENDRA SINGH SHEKHAWAT,Bharatiya Janata Party
193,won,631992,(+ 48282),BHUPENDER YADAV,Bharatiya Janata Party
194,won,886850,(+ 331767),MANJU SHARMA,Bharatiya Janata Party
195,won,501834,(+ 15647),SATISH KUMAR GAUTAM,Bharatiya Janata Party
196,won,617877,(+ 1615),RAO RAJENDRA SINGH,Bharatiya Janata Party
197,won,513102,(+ 165476),DR. PRADEEP KUMAR PANIGRAHY,Bharatiya Janata Party
198,won,494226,(+ 99974),ANITA SUBHADARSHINI,Bharatiya Janata Party
199,won,589093,(+ 40696),BIBHU PRASAD TARAI,Bharatiya Janata Party
200,won,512519,(+ 35152),APARAJITA SARANGI,Bharatiya Janata Party
201,won,629330,(+ 104709),SAMBIT PATRA,Bharatiya Janata Party
202,won,615705,(+ 66536),BAIJAYANT PANDA,Bharatiya Janata Party
203,won,531601,(+ 57077),BHARTRUHARI MAHTAB,Bharatiya Janata Party
204,won,416415,(+ 21371),SUKANTA KUMAR PANIGRAHI,Bharatiya Janata Party
205,won,544303,(+ 133813),MALVIKA DEVI,Bharatiya Janata Party
206,won,617744,(+ 132664),SANGEETA KUMARI SINGH DEO,Bharatiya Janata Party
207,won,598721,(+ 76567),RUDRA NARAYAN PANY,Bharatiya Janata Party
208,won,566737,(+ 55711),ARJUN RAM MEGHWAL,Bharatiya Janata Party
209,won,534239,(+ 1587),RABINDRA NARAYAN BEHERA,Bharatiya Janata Party
210,won,573319,(+ 91544),AVIMANYU SETHI,Bharatiya Janata Party
211,won,563865,(+ 147156),PRATAP CHANDRA SARANGI,Bharatiya Janata Party
212,won,585971,(+ 219334),NABA CHARAN MAJHI,Bharatiya Janata Party
213,won,573923,(+ 97042),ANANTA NAYAK,Bharatiya Janata Party
214,won,592162,(+ 119836),DHARMENDRA PRADHAN,Bharatiya Janata Party
215,won,494282,(+ 138808),JUAL ORAM,Bharatiya Janata Party
216,won,481396,(+ 87536),BALABHADRA MAJHI,Bharatiya Janata Party
217,won,571134,(+ 32771),SHRIMANT CHH UDAYANRAJE PRATAPSINHAMAHARAJ BHONSLE,Bharatiya Janata Party
218,won,584728,(+ 123038),MURLIDHAR MOHOL,Bharatiya Janata Party
219,won,448514,(+ 47858),NARAYAN TATU RANE,Bharatiya Janata Party
220,won,716359,(+ 251667),PRADEEP PUROHIT,Bharatiya Janata Party
221,won,747462,(+ 329991),BHAGIRATH CHOUDHARY,Bharatiya Janata Party
222,won,601244,(+ 183306),DR. HEMANT VISHNU SAVARA,Bharatiya Janata Party
223,won,457030,(+ 40626),ANUP SANJAY DHOTRE,Bharatiya Janata Party
224,won,680146,(+ 357608),PIYUSH GOYAL,Bharatiya Janata Party
225,won,862679,(+ 269971),GYANESHWAR PATIL,Bharatiya Janata Party
226,won,655027,(+ 137603),NITIN JAIRAM GADKARI,Bharatiya Janata Party
227,won,819863,(+ 135018),GAJENDRA SINGH PATEL,Bharatiya Janata Party
228,won,794449,(+ 218665),SAVITRI THAKUR,Bharatiya Janata Party
229,won,848236,(+ 379761),DURGADAS (D. D.) UIKEY,Bharatiya Janata Party
230,won,795863,(+ 207232),ANITA NAGARSINGH CHOUHAN,Bharatiya Janata Party
231,won,1226751,(+ 1008077),SHANKAR LALWANI,Bharatiya Janata Party
232,won,945761,(+ 500655),SUDHEER GUPTA,Bharatiya Janata Party
233,won,836104,(+ 375860),ANIL FIROJIYA,Bharatiya Janata Party
234,won,758743,(+ 146089),RODMAL NAGAR,Bharatiya Janata Party
235,won,1116460,(+ 821408),SHIVRAJ SINGH CHOUHAN,Bharatiya Janata Party
236,won,812147,(+ 431696),DARSHAN SINGH CHOUDHARY,Bharatiya Janata Party
237,won,981109,(+ 501499),ALOK SHARMA,Bharatiya Janata Party
238,won,751375,(+ 103846),FAGGAN SINGH KULASTE,Bharatiya Janata Party
239,won,712660,(+ 174512),BHARTI PARDHI,Bharatiya Janata Party
240,won,644738,(+ 113618),BUNTY VIVEK SAHU,Bharatiya Janata Party
241,won,711143,(+ 397340),SMT. HIMADRI SINGH,Bharatiya Janata Party
242,won,790133,(+ 486674),ASHISH DUBEY,Bharatiya Janata Party
243,won,928941,(+ 425225),MAHENDRA SINGH SOLANKY,Bharatiya Janata Party
244,won,583559,(+ 206416),DR. RAJESH MISHRA,Bharatiya Janata Party
245,won,709768,(+ 406426),RAHUL SINGH LODHI,Bharatiya Janata Party
246,won,715050,(+ 403312),DR. VIRENDRA KUMAR,Bharatiya Janata Party
247,won,477459,(+ 193374),JANARDAN MISHRA,Bharatiya Janata Party
248,won,459728,(+ 84949),GANESH SINGH,Bharatiya Janata Party
249,won,671535,(+ 70210),BHARAT SINGH KUSHWAH,Bharatiya Janata Party
250,won,923302,(+ 540929),JYOTIRADITYA M. SCINDIA,Bharatiya Janata Party
251,won,787979,(+ 471222),DR. LATA WANKHEDE,Bharatiya Janata Party
252,won,537065,(+ 64840),SANDHYA RAY,Bharatiya Janata Party
253,won,515477,(+ 52530),SHIVMANGAL SINGH TOMAR,Bharatiya Janata Party
254,won,412338,(+ 74686),SURESH GOPI,Bharatiya Janata Party
255,won,750830,(+ 277083),TEJASVI SURYA,Bharatiya Janata Party
256,won,658915,(+ 32707),P C MOHAN,Bharatiya Janata Party
257,won,822619,(+ 163460),DR.K.SUDHAKAR,Bharatiya Janata Party
258,won,986049,(+ 259476),SHOBHA KARANDLAJE,Bharatiya Janata Party
259,won,795503,(+ 139262),YADUVEER KRISHNADATTA CHAMARAJA WADIYAR,Bharatiya Janata Party
260,won,1079002,(+ 269647),DR C N MANJUNATH,Bharatiya Janata Party
261,won,720946,(+ 175594),V. SOMANNA,Bharatiya Janata Party
262,won,684890,(+ 48121),GOVIND MAKTHAPPA KARJOL,Bharatiya Janata Party
263,won,732234,(+ 259175),KOTA SRINIVAS POOJARY,Bharatiya Janata Party
264,won,764132,(+ 149208),CAPTAIN BRIJESH CHOWTA,Bharatiya Janata Party
265,won,778721,(+ 243715),B.Y.RAGHAVENDRA,Bharatiya Janata Party
266,won,716231,(+ 97324),PRALHAD JOSHI,Bharatiya Janata Party
267,won,782495,(+ 337428),VISHWESHWAR HEGDE KAGERI,Bharatiya Janata Party
268,won,705538,(+ 43513),BASAVARAJ BOMMAI,Bharatiya Janata Party
269,won,671039,(+ 68399),GADDIGOUDAR. PARVATAGOUDA. CHANDANAGOUDA.,Bharatiya Janata Party
270,won,762029,(+ 178437),JAGADISH SHETTAR,Bharatiya Janata Party
271,won,519748,(+ 91451),Suresh Kumar Kashyap,Bharatiya Janata Party
272,won,672781,(+ 77229),RAMESH JIGAJINAGI,Bharatiya Janata Party
273,won,537022,(+ 74755),KANGNA RANAUT,Bharatiya Janata Party
274,won,632793,(+ 251895),DR RAJEEV BHARDWAJ,Bharatiya Janata Party
275,won,788569,(+ 172914),KRISHAN PAL,Bharatiya Janata Party
276,won,607068,(+ 182357),ANURAG SINGH THAKUR,Bharatiya Janata Party
277,won,808336,(+ 75079),RAO INDERJIT SINGH,Bharatiya Janata Party
278,won,542175,(+ 29021),NAVEEN JINDAL,Bharatiya Janata Party
279,won,764226,(+ 210704),DHAVAL LAXMANBHAI  PATEL,Bharatiya Janata Party
280,won,1031065,(+ 773551),C R PATIL,Bharatiya Janata Party
281,won,Uncontested,,MUKESHKUMAR CHANDRAKAANT DALAL,Bharatiya Janata Party
282,won,763950,(+ 230253),PARBHUBHAI NAGARBHAI VASAVA,Bharatiya Janata Party
283,won,608157,(+ 85696),MANSUKHBHAI DHANJIBHAI VASAVA,Bharatiya Janata Party
284,won,796589,(+ 398777),JASHUBHAI BHILUBHAI RATHVA,Bharatiya Janata Party
285,won,644844,(+ 76071),P V MIDHUN REDDY,Yuvajana Sramika Rythu Congress Party
286,won,873189,(+ 582126),DR. HEMANG JOSHI,Bharatiya Janata Party
287,won,688715,(+ 333677),JASWANTSINH SUMANBHAI BHABHOR,Bharatiya Janata Party
288,won,630879,(+ 272183),KHADSE RAKSHA NIKHIL,Bharatiya Janata Party
289,won,794579,(+ 509342),RAJPALSINH MAHENDRASINH JADAV,Bharatiya Janata Party
290,won,744435,(+ 357758),DEVUSINH CHAUHAN,Bharatiya Janata Party
291,won,612484,(+ 89939),MITESH PATEL (BAKABHAI),Bharatiya Janata Party
292,won,674428,(+ 251594),SMITA UDAY WAGH,Bharatiya Janata Party
293,won,580872,(+ 321068),BHARATBHAI MANUBHAI SUTARIYA,Bharatiya Janata Party
294,won,716883,(+ 455289),NIMUBEN JAYANTIBHAI BAMBHANIYA (NIMUBEN BAMBHANIYA),Bharatiya Janata Party
295,won,584049,(+ 135494),CHUDASAMA RAJESHBHAI NARANBHAI,Bharatiya Janata Party
296,won,857984,(+ 484260),PARSHOTTAMBHAI RUPALA,Bharatiya Janata Party
297,won,528013,(+ 69116),IQRA CHOUDHARY,Samajwadi Party
298,won,669749,(+ 261617),CHANDUBHAI CHHAGANBHAI SHIHORA,Bharatiya Janata Party
299,won,611704,(+ 286437),DINESHBHAI MAKWANA (ADVOCATE),Bharatiya Janata Party
300,won,1010972,(+ 744716),AMIT SHAH,Bharatiya Janata Party
301,won,770459,(+ 461755),HASMUKHBHAI PATEL (H.S.PATEL),Bharatiya Janata Party
302,won,686406,(+ 328046),HARIBHAI PATEL,Bharatiya Janata Party
303,won,677318,(+ 155682),SHOBHANABEN MAHENDRASINH BARAIYA,Bharatiya Janata Party
304,won,591947,(+ 31876),DABHI  BHARATSINHJI  SHANKARJI,Bharatiya Janata Party
305,won,257326,(+ 116015),SHRIPAD YESSO NAIK,Bharatiya Janata Party
306,won,659574,(+ 268782),CHAVDA VINOD LAKHAMSHI,Bharatiya Janata Party
307,won,633118,(+ 383360),DR. MANSUKH MANDAVIYA,Bharatiya Janata Party
308,won,410608,(+ 67670),VIVEK THAKUR,Bharatiya Janata Party
309,won,620049,(+ 238008),POONAMBEN HEMATBHAI MAADAM,Bharatiya Janata Party
310,won,529533,(+ 102651),"JANARDAN SINGH ""SIGRIWAL""",Bharatiya Janata Party
311,won,588270,(+ 153846),RAVI SHANKAR PRASAD,Bharatiya Janata Party
312,won,515965,(+ 60102),NITYANAND RAI,Bharatiya Janata Party
313,won,649331,(+ 81480),GIRIRAJ SINGH,Bharatiya Janata Party
314,won,588664,(+ 41510),DHARAMBIR SINGH,Bharatiya Janata Party
315,won,600146,(+ 20094),PRADEEP KUMAR SINGH,Bharatiya Janata Party
316,won,553428,(+ 151945),ASHOK KUMAR YADAV,Bharatiya Janata Party
317,won,566630,(+ 178156),GOPAL JEE THAKUR,Bharatiya Janata Party
318,won,619749,(+ 234927),RAJ BHUSHAN CHOUDHARY,Bharatiya Janata Party
319,won,542193,(+ 88287),RADHA MOHAN SINGH,Bharatiya Janata Party
320,won,693762,(+ 279321),SARBANANDA SONOWAL,Bharatiya Janata Party
321,won,663122,(+ 201257),PRADAN BARUAH,Bharatiya Janata Party
322,won,739285,(+ 232577),MANOHAR LAL,Bharatiya Janata Party
323,won,897043,(+ 248947),KAMAKHYA PRASAD TASA,Bharatiya Janata Party
324,won,652405,(+ 264311),PARIMAL SUKLABAIDYA,Bharatiya Janata Party
325,won,545093,(+ 18360),KRIPANATH MALLAH,Bharatiya Janata Party
326,won,894887,(+ 251090),BIJULI KALITA  MEDHI,Bharatiya Janata Party
327,won,471752,(+ 13661),RAJIV PRATAP RUDY,Bharatiya Janata Party
328,won,868387,(+ 329012),DILIP SAIKIA,Bharatiya Janata Party
329,won,145581,(+ 30421),TAPIR GAO,Bharatiya Janata Party
330,won,205417,(+ 100738),KIREN RIJIJU,Bharatiya Janata Party
331,won,580421,(+ 136568),DR.SANJAY JAISWAL,Bharatiya Janata Party
332,won,775788,(+ 361408),RANJIT DUTTA,Bharatiya Janata Party
333,won,25726,(+ 2647),MUHAMMED HAMDULLAH SAYEED,Indian National Congress
334,won,707343,(+ 276802),BHUPATHI RAJU SRINIVASA VARMA (B.J.P.VARMA),Bharatiya Janata Party
335,won,726515,(+ 239139),DAGGUBATI PURANDHESHWARI,Bharatiya Janata Party
336,won,762069,(+ 296530),C.M.RAMESH,Bharatiya Janata Party
337,won,334620,(+ 147603),AMARSING TISSO,Bharatiya Janata Party
338,won,581294,(+ 220339),KADIYAM KAVYA,Indian National Congress
339,won,629143,(+ 222170),CHAMALA KIRAN KUMAR REDDY,Indian National Congress
340,won,612774,(+ 349165),BALRAM NAIK PORIKA,Indian National Congress
341,won,784337,(+ 559905),KUNDURU RAGHUVEER,Indian National Congress
342,won,465072,(+ 94414),DR.MALLU RAVI,Indian National Congress
343,won,528418,(+ 46188),SURESH KUMAR SHETKAR,Indian National Congress
344,won,475587,(+ 131364),VAMSI KRISHNA GADDAM,Indian National Congress
345,won,511647,(+ 149675),KALI CHARAN MUNDA,Indian National Congress
346,won,570182,(+ 43283),JYOTSNA CHARANDAS MAHANT,Indian National Congress
347,won,572395,(+ 128368),ISHA KHAN CHOUDHURY,Indian National Congress
348,won,719927,(+ 215704),TANUJ PUNIA,Indian National Congress
349,won,462145,(+ 58795),UJJWAL RAMAN SINGH,Indian National Congress
350,won,766929,(+ 467847),RAMASAHAYAM RAGHURAM REDDY,Indian National Congress
351,won,216657,(+ 2504),MANISH TEWARI,Indian National Congress
352,won,546248,(+ 179907),VIJAYAKUMAR (Alias) VIJAY VASANTH,Indian National Congress
353,won,547967,(+ 64542),IMRAN MASOOD,Indian National Congress
354,won,687649,(+ 390030),RAHUL GANDHI,Indian National Congress
355,won,531138,(+ 89641),RAKESH RATHOR,Indian National Congress
356,won,502296,(+ 165620),ROBERT BRUCE C,Indian National Congress
357,won,483038,(+ 139138),SUKHDEO BHAGAT,Indian National Congress
358,won,385256,(+ 4379),MANICKAM TAGORE B,Indian National Congress
359,won,427677,(+ 205664),KARTI P CHIDAMBARAM,Indian National Congress
360,won,518459,(+ 271183),SUDHA R,Indian National Congress
361,won,455053,(+ 185896),M.K. VISHNUPRASAD,Indian National Congress
362,won,539228,(+ 167196),KISHORI LAL,Indian National Congress
363,won,534906,(+ 166816),JOTHIMANI. S,Indian National Congress
364,won,796956,(+ 572155),Sasikanth Senthil,Indian National Congress
365,won,492883,(+ 192486),GOPINATH K,Indian National Congress
366,won,646266,(+ 237340),MURARI LAL MEENA,Indian National Congress
367,won,623763,(+ 64949),HARISH CHANDRA MEENA,Indian National Congress
368,won,704676,(+ 118176),UMMEDA RAM BENIWAL,Indian National Congress
369,won,530011,(+ 98945),BHAJAN LAL JATAV,Indian National Congress
370,won,579890,(+ 51983),SANJNA JATAV,Indian National Congress
371,won,332591,(+ 34202),AMAR SINGH,Indian National Congress
372,won,322224,(+ 20942),AMRINDER SINGH RAJA WARRING,Indian National Congress
373,won,305616,(+ 14831),DR DHARAMVIRA GANDHI,Indian National Congress
374,won,553168,(+ 18235),BRIJENDRA SINGH OLA,Indian National Congress
375,won,728211,(+ 72737),RAHUL KASWAN,Indian National Congress
376,won,726492,(+ 88153),KULDEEP INDORA,Indian National Congress
377,won,266626,(+ 3242),SHER SINGH GHUBAYA,Indian National Congress
378,won,471393,(+ 147744),SAPTAGIRI SANKAR ULAKA,Indian National Congress
379,won,401951,(+ 50984),S SUPONGMEREN JAMIR,Indian National Congress
380,won,255181,(+ 40301),GURJEET SINGH AUJLA,Indian National Congress
381,won,383919,(+ 155241),SALENG A SANGMA,Indian National Congress
382,won,384954,(+ 85418),ALFRED KANNGAM S ARTHUR,Indian National Congress
383,won,390053,(+ 175993),CHARANJIT SINGH CHANNI,Indian National Congress
384,won,754522,(+ 154964),CHHATRAPATI SHAHU SHAHAJI,Indian National Congress
385,won,364043,(+ 82861),SUKHJINDER SINGH RANDHAWA,Indian National Congress
386,won,374017,(+ 109801),ANGOMCHA BIMOL AKOIJAM,Indian National Congress
387,won,620225,(+ 74197),PRANITI SUSHILKUMAR SHINDE,Indian National Congress
388,won,609021,(+ 61881),DR. KALGE SHIVAJI BANDAPPA,Indian National Congress
389,won,445545,(+ 16514),GAIKWAD VARSHA EKNATH,Indian National Congress
390,won,607897,(+ 109958),KALYAN VAIJINATHRAO KALE,Indian National Congress
391,won,528894,(+ 59442),CHAVAN VASANTRAO BALWANTRAO,Indian National Congress
392,won,718410,(+ 260406),DHANORKAR PRATIBHA SURESH ALIAS BALUBHAU,Indian National Congress
393,won,617792,(+ 141696),DR. KIRSAN  NAMDEO,Indian National Congress
394,won,587413,(+ 37380),DR. PRASHANT YADAORAO PADOLE,Indian National Congress
395,won,526271,(+ 19731),BALWANT BASWANT WANKHADE,Indian National Congress
396,won,358155,(+ 16077),SHASHI THAROOR,Indian National Congress
397,won,583866,(+ 3831),BACHHAV SHOBHA DINESH,Indian National Congress
398,won,745998,(+ 159120),ADV GOWAAL KAGADA PADAVI,Indian National Congress
399,won,367623,(+ 66119),ANTO ANTONY,Indian National Congress
400,won,328051,(+ 684),ADV ADOOR PRAKASH,Indian National Congress
401,won,369516,(+ 10868),KODIKUNNIL SURESH,Indian National Congress
402,won,404560,(+ 63513),K. C VENUGOPAL,Indian National Congress
403,won,432372,(+ 133727),ADV. DEAN KURIAKOSE,Indian National Congress
404,won,394171,(+ 63754),BENNY BEHANAN,Indian National Congress
405,won,520421,(+ 146176),M. K. RAGHAVAN,Indian National Congress
406,won,482317,(+ 250385),HIBI EDEN,Indian National Congress
407,won,421169,(+ 75283),V K SREEKANDAN,Indian National Congress
408,won,647445,(+ 364422),RAHUL GANDHI,Indian National Congress
409,won,557528,(+ 114506),SHAFI PARAMBIL,Indian National Congress
410,won,518524,(+ 108982),K. SUDHAKARAN,Indian National Congress
411,won,751671,(+ 188706),SUNIL BOSE,Indian National Congress
412,won,730845,(+ 98992),E. TUKARAM,Indian National Congress
413,won,672988,(+ 42649),SHREYAS. M. PATEL,Indian National Congress
414,won,633059,(+ 26094),DR. PRABHA MALLIKARJUN,Indian National Congress
415,won,663511,(+ 46357),K. RAJASHEKAR BASAVARAJ HITNAL,Indian National Congress
416,won,670966,(+ 79781),G. KUMAR NAIK.,Indian National Congress
417,won,666317,(+ 128875),SAGAR ESHWAR KHANDRE,Indian National Congress
418,won,713461,(+ 90834),PRIYANKA SATISH JARKIHOLI,Indian National Congress
419,won,652321,(+ 27205),RADHAKRISHNA,Indian National Congress
420,won,783578,(+ 345298),DEEPENDER SINGH HOODA,Indian National Congress
421,won,490659,(+ 100649),RAJMOHAN UNNITHAN,Indian National Congress
422,won,570424,(+ 63381),JAI PARKASH (J P) S/O HARIKESH,Indian National Congress
423,won,548682,(+ 21816),SATPAL BRAHAMCHARI,Indian National Congress
424,won,733823,(+ 268497),SELJA,Indian National Congress
425,won,671883,(+ 30406),GENIBEN NAGAJI THAKOR,Indian National Congress
426,won,663657,(+ 49036),VARUN CHAUDHRY,Indian National Congress
427,won,217836,(+ 13535),CAPTAIN  VIRIATO FERNANDES,Indian National Congress
428,won,513004,(+ 19157),MANOJ KUMAR,Indian National Congress
429,won,402850,(+ 59692),MOHAMMAD JAWED,Indian National Congress
430,won,567092,(+ 49863),TARIQ ANWAR,Indian National Congress
431,won,751771,(+ 144393),GAURAV GOGOI,Indian National Congress
432,won,571493,(+ 278825),THANGA TAMILSELVAN,Dravida Munnetra Kazhagam
433,won,1471885,(+ 1012476),RAKIBUL HUSSAIN,Indian National Congress
434,won,502245,(+ 319583),MURASOLI S,Dravida Munnetra Kazhagam
435,won,568200,(+ 118068),GANAPATHY RAJKUMAR P,Dravida Munnetra Kazhagam
436,won,603209,(+ 389107),ARUN NEHRU,Dravida Munnetra Kazhagam
437,won,473212,(+ 240585),RAJA A,Dravida Munnetra Kazhagam
438,won,566085,(+ 70357),SELVAGANAPATHI T M,Dravida Munnetra Kazhagam
439,won,462036,(+ 29112),MATHESWARAN V S,Dravida Munnetra Kazhagam
440,won,562339,(+ 236566),K E PRAKASH,Dravida Munnetra Kazhagam
441,won,561589,(+ 53784),MALAIYARASAN D,Dravida Munnetra Kazhagam
442,won,500099,(+ 208766),THARANIVENTHAN M S,Dravida Munnetra Kazhagam
443,won,788850,(+ 212231),PRADYUT BORDOLOI,Indian National Congress
444,won,586044,(+ 221473),SELVAM. G,Dravida Munnetra Kazhagam
445,won,563216,(+ 306559),S JAGATHRATCHAKAN,Dravida Munnetra Kazhagam
446,won,432667,(+ 21300),MANI. A.,Dravida Munnetra Kazhagam
447,won,568692,(+ 215702),DM KATHIR ANAND,Dravida Munnetra Kazhagam
448,won,547379,(+ 233931),"ANNADURAI, C.N.",Dravida Munnetra Kazhagam
449,won,758611,(+ 487029),T R BAALU,Dravida Munnetra Kazhagam
450,won,605645,(+ 59564),SHATRUGHAN PRASAD SINHA,All India Trinamool Congress
451,won,413848,(+ 244689),DAYANIDHI MARAN,Dravida Munnetra Kazhagam
452,won,533377,(+ 252042),ESWARASAMY K,Dravida Munnetra Kazhagam
453,won,516628,(+ 225945),T.SUMATHY (ALIAS) THAMIZHACHI THANGAPANDIAN,Dravida Munnetra Kazhagam
454,won,497333,(+ 339222),DR.KALANIDHI VEERASWAMY,Dravida Munnetra Kazhagam
455,won,855633,(+ 327253),ASIT KUMAR MAL,All India Trinamool Congress
456,won,717961,(+ 197650),SATABDI ROY,All India Trinamool Congress
457,won,720302,(+ 160572),DR. SHARMILA SARKAR,All India Trinamool Congress
458,won,702192,(+ 27191),JUNE MALIAH,All India Trinamool Congress
459,won,641813,(+ 32778),ARUP CHAKRABORTY,All India Trinamool Congress
460,won,837990,(+ 182868),ADHIKARI DEEPAK (DEV),All India Trinamool Congress
461,won,702744,(+ 76853),RACHNA BANERJEE,All India Trinamool Congress
462,won,673970,(+ 174830),KALYAN BANERJEE,All India Trinamool Congress
463,won,724622,(+ 218673),SAJDA AHMED,All India Trinamool Congress
464,won,454696,(+ 92560),BANDYOPADHYAY SUDIP,All India Trinamool Congress
465,won,615274,(+ 187231),MALA ROY,All India Trinamool Congress
466,won,717899,(+ 258201),SAYANI GHOSH,All India Trinamool Congress
467,won,626493,(+ 169442),PRASUN BANERJEE,All India Trinamool Congress
468,won,755731,(+ 201057),BAPI HALDAR,All India Trinamool Congress
469,won,1048230,(+ 710930),ABHISHEK BANERJEE,All India Trinamool Congress
470,won,894312,(+ 470219),PRATIMA MONDAL,All India Trinamool Congress
471,won,803762,(+ 333547),SK NURUL ISLAM,All India Trinamool Congress
472,won,720667,(+ 137981),AZAD KIRTI JHA,All India Trinamool Congress
473,won,743478,(+ 174048),KALIPADA SAREN (KHERWAL),All India Trinamool Congress
474,won,692010,(+ 114189),KAKOLI GHOSH DASTIDAR,All India Trinamool Congress
475,won,712587,(+ 6399),BAG MITALI,All India Trinamool Congress
476,won,528579,(+ 70660),SOUGATA RAY,All India Trinamool Congress
477,won,682442,(+ 164215),ABU TAHER KHAN,All India Trinamool Congress
478,won,628789,(+ 56705),MAHUA MOITRA,All India Trinamool Congress
479,won,544427,(+ 116637),KHALILUR RAHAMAN,All India Trinamool Congress
480,won,524516,(+ 85022),PATHAN YUSUF,All India Trinamool Congress
481,won,788375,(+ 39250),JAGADISH CHANDRA BARMA BASUNIA,All India Trinamool Congress
482,won,766202,(+ 245902),PRABHAKAR REDDY VEMIREDDY,Telugu Desam
483,won,725534,(+ 132427),B K PARTHASARATHI,Telugu Desam
484,won,701131,(+ 111975),DR BYREDDY SHABARI,Telugu Desam
485,won,768245,(+ 188555),AMBICA G LAKSHMINARAYANA VALMIKI,Telugu Desam
486,won,807996,(+ 159729),LAVU SRIKRISHNA DEVARAYALU,Telugu Desam
487,won,864948,(+ 344695),DR CHANDRA SEKHAR PEMMASANI,Telugu Desam
488,won,794154,(+ 282085),KESINENI SIVANATH (CHINNI),Telugu Desam
489,won,701894,(+ 50199),MAGUNTA SREENIVASULU REDDY,Telugu Desam
490,won,520231,(+ 64438),PARTHA BHOWMICK,All India Trinamool Congress
491,won,746351,(+ 181857),PUTTA MAHESH KUMAR,Telugu Desam
492,won,754328,(+ 327901),KINJARAPU RAMMOHAN NAIDU,Telugu Desam
493,won,907467,(+ 504247),SRIBHARAT MATHUKUMILI,Telugu Desam
494,won,743113,(+ 249351),APPALANAIDU KALISETTI,Telugu Desam
495,won,796981,(+ 342196),G M HARISH (BALAYOGI),Telugu Desam
496,won,492535,(+ 108602),AASHTIKAR PATIL NAGESH BAPURAO,Shiv Sena (Uddhav Balasaheb Thackrey)
497,won,594807,(+ 94473),SANJAY UTTAMRAO DESHMUKH,Shiv Sena (Uddhav Balasaheb Thackrey)
498,won,601343,(+ 134061),JADHAV SANJAY ( BANDU ) HARIBHAU,Shiv Sena (Uddhav Balasaheb Thackrey)
499,won,658914,(+ 111298),BASTIPATI NAGARAJU PANCHALINGALA,Telugu Desam
500,won,559422,(+ 169114),KAUSHALENDRA KUMAR,Janata Dal  (United)
501,won,536031,(+ 104868),AJAY KUMAR MANDAL,Janata Dal  (United)
502,won,494960,(+ 101812),JITAN RAM MANJHI,Hindustani Awam Morcha (Secular)
503,won,511866,(+ 127180),DR. ALOK KUMAR SUMAN,Janata Dal  (United)
504,won,717493,(+ 208031),KRISHNA PRASAD TENNETI,Telugu Desam
505,won,386508,(+ 92857),VIJAYLAKSHMI DEVI,Janata Dal  (United)
506,won,533032,(+ 184169),RAMPRIT MANDAL,Janata Dal  (United)
507,won,640649,(+ 174534),DINESH CHANDRA YADAV,Janata Dal  (United)
508,won,506678,(+ 103844),GIRIDHARI YADAV,Janata Dal  (United)
509,won,595038,(+ 169803),DILESHWAR KAMAIT,Janata Dal  (United)
510,won,550146,(+ 80870),RAJIV RANJAN SINGH ALIAS LALAN SINGH,Janata Dal  (United)
511,won,523422,(+ 98675),SUNIL KUMAR,Janata Dal  (United)
512,won,515719,(+ 51356),DEVESH CHANDRA THAKUR,Janata Dal  (United)
513,won,624797,(+ 28929),NILESH DNYANDEV LANKE,Nationalist Congress Party – Sharadchandra Pawar
514,won,698692,(+ 140951),DR. AMOL RAMSING KOLHE,Nationalist Congress Party – Sharadchandra Pawar
515,won,476612,(+ 29143),LOVELY ANAND,Janata Dal  (United)
516,won,732312,(+ 158333),SUPRIYA SULE,Nationalist Congress Party – Sharadchandra Pawar
517,won,499464,(+ 66121),BALYA MAMA - SURESH GOPINATH MHATRE,Nationalist Congress Party – Sharadchandra Pawar
518,won,577339,(+ 113199),BHASKAR MURLIDHAR BHAGARE,Nationalist Congress Party – Sharadchandra Pawar
519,won,533106,(+ 81648),AMAR SHARADRAO KALE,Nationalist Congress Party – Sharadchandra Pawar
520,won,860113,(+ 222351),PHANI BHUSAN CHOUDHURY,Asom Gana Parishad
521,won,364631,(+ 87266),ADV K FRANCIS GEORGE,Kerala Congress
522,won,571666,(+ 100053),VISHAL (DADA) PRAKASHBAPU PATIL,Independent
523,won,472481,(+ 204142),ABDUL RASHID SHEIKH,Independent
524,won,298062,(+ 70053),SARABJEET SINGH KHALSA,Independent
525,won,42523,(+ 6225),PATEL UMESHBHAI BABUBHAI,Independent
526,won,404430,(+ 197120),AMRITPAL SINGH,Independent
527,won,65259,(+ 27862),MOHMAD HANEEFA,Independent
528,won,451139,(+ 80880),CHANDRA PRAKASH CHOUDHARY,AJSU Party
529,won,520190,(+ 13426),DHAIRYASHEEL SAMBHAJIRAO MANE,Shiv Sena
530,won,452644,(+ 48),RAVINDRA DATTARAM WAIKAR,Shiv Sena
531,won,661981,(+ 338087),ASADUDDIN OWAISI,All India Majlis-E-Ittehadul Muslimeen
532,won,734231,(+ 217011),NARESH GANPAT MHASKE,Shiv Sena
533,won,692832,(+ 96615),SHRIRANG APPA CHANDU BARNE,Shiv Sena
534,won,589636,(+ 209144),DR SHRIKANT EKNATH SHINDE,Shiv Sena
535,won,538657,(+ 161131),RAJESH VERMA,Lok Janshakti Party(Ram Vilas)
536,won,509046,(+ 112482),ARUN BHARTI,Lok Janshakti Party(Ram Vilas)
537,won,476130,(+ 134650),BHUMARE SANDIPANRAO ASARAM,Shiv Sena
538,won,349867,(+ 29479),JADHAV PRATAPRAO GANPATRAO,Shiv Sena
539,won,567043,(+ 89634),VEENA DEVI,Lok Janshakti Party(Ram Vilas)
540,won,579786,(+ 187251),SHAMBHAVI,Lok Janshakti Party(Ram Vilas)
541,won,567556,(+ 23847),RAJESH RANJAN ALIAS PAPPU YADAV,Independent
542,won,615718,(+ 170105),CHIRAG PASWAN,Lok Janshakti Party(Ram Vilas)
543,won,772774,(+ 541229),VISHNU DATT SHARMA (V.D.SHARMA),Bharatiya Janata Party
